Subject,Intervention,Day,Trial,Timer,startTime,finishTime,fixID,Position,Distance,shotFired
1,0,1,1,7.05,7.685,8.722,B,2,5,0
1,0,1,1,7.05,8.79,9.419,A,1,5,0
1,0,1,1,7.05,9.47,13.006,B,2,5,1
1,0,1,1,7.05,13.074,15.947,C,3,7,0
1,0,1,1,7.05,15.981,17.834,D,4,9,0
1,0,1,1,7.05,17.868,18.769,C,3,7,0
1,0,1,1,7.05,18.837,20.333,D,4,9,0
1,0,1,2,3.58,4.331,4.654,B,1,7,0
1,0,1,2,3.58,4.756,4.943,C,2,5,0
1,0,1,2,3.58,5.038,6.024,B,1,7,0
1,0,1,2,3.58,6.347,6.585,D,4,7,0
1,0,1,2,3.58,6.67,6.925,A,3,9,0
1,0,1,2,3.58,6.959,7.248,A,3,9,0
1,0,1,2,3.58,7.316,7.503,C,2,5,0
1,0,1,2,3.58,7.962,8.693,C,2,5,0
1,0,1,2,3.58,8.778,9.407,B,1,7,0
1,0,1,2,3.58,9.475,12.994,C,2,5,0
1,0,1,3,4.11,4.31,4.667,B,1,9,0
1,0,1,3,4.11,4.733,4.937,D,2,9,0
1,0,1,3,4.11,5.056,6.042,C,3,5,0
1,0,1,3,4.11,6.688,7.504,A,4,7,0
1,0,1,3,4.11,7.776,8.694,A,5,7,0
1,0,1,3,4.11,8.779,9.408,C,3,5,0
1,0,1,3,4.11,9.476,12.995,A,4,7,1
1,0,1,3,4.11,13.063,15.919,C,3,5,0
1,0,1,3,4.11,16.004,17.823,A,4,7,0
1,0,1,4,8.39,8.763,9.409,A,3,7,0
1,0,1,4,8.39,9.477,12.996,B,4,5,0
1,0,1,4,8.39,13.064,14.22,B,4,5,1
1,0,1,4,8.39,14.424,17.79,D,2,9,1
1,0,1,4,8.39,17.863,18.764,C,1,7,0
1,0,1,4,8.39,18.832,20.328,A,3,7,0
1,0,1,4,8.39,20.396,20.77,B,4,5,0
1,0,1,5,46.15,48.012,50.851,C,3,9,0
1,0,1,5,46.15,51.786,52.806,B,4,9,0
1,0,1,5,46.15,55.016,57.022,D,1,7,1
1,0,1,6,30.98,31.354,32.051,B,4,4,0
1,0,1,6,30.98,33.581,33.768,D,2,7,0
1,0,1,6,30.98,33.955,34.431,C,2,9,0
1,0,1,6,30.98,34.635,34.958,C,2,9,0
1,0,1,6,30.98,35.995,36.301,A,1,5,0
1,0,1,6,30.98,36.471,37.185,D,3,7,0
1,0,1,6,30.98,37.219,37.423,A,1,5,0
1,0,1,6,30.98,37.729,38.001,D,3,7,0
1,0,1,6,30.98,38.358,38.613,C,2,9,0
1,0,1,6,30.98,38.749,39.446,B,4,5,0
1,0,1,7,38.96,39.012,39.216,D,2,5,0
1,0,1,7,38.96,40.449,40.738,D,2,5,0
1,0,1,7,38.96,40.925,41.316,B,4,7,0
1,0,1,7,38.96,41.605,41.894,A,3,9,0
1,0,1,7,38.96,42.132,43.05,C,1,9,0
1,0,1,7,38.96,43.373,43.628,D,2,5,0
1,0,1,7,38.96,43.866,44.257,A,3,9,0
1,0,1,7,38.96,44.614,44.903,A,3,9,0
1,0,1,7,38.96,45.345,45.566,B,4,7,0
1,0,1,8,24.32,24.817,25.259,B,2,5,0
1,0,1,8,24.32,25.361,26.058,C,1,5,0
1,0,1,8,24.32,26.279,26.517,D,3,7,0
1,0,1,8,24.32,26.653,29.203,D,3,7,1
1,0,1,9,31.37,31.541,32,D,2,5,0
1,0,1,9,31.37,32.34,32.595,A,1,7,0
1,0,1,9,31.37,32.748,34.414,D,2,5,1
1,0,1,10,32.47,32.555,32.759,B,2,9,0
1,0,1,10,32.47,32.895,33.116,C,3,5,1
1,0,1,10,32.47,33.269,33.677,B,2,9,0
1,0,1,10,32.47,33.745,34.034,D,4,7,0
1,0,1,10,32.47,34.272,35.581,C,3,5,0
1,1,2,1,55.92,56.326,56.547,A,3,7,0
1,1,2,1,55.92,56.598,56.904,B,2,5,0
1,1,2,1,55.92,58.06,58.995,C,4,5,1
1,1,2,2,8.25,9.052,9.545,C,2,5,0
1,1,2,2,8.25,9.647,10.004,A,1,7,0
1,1,2,2,8.25,10.259,10.582,B,4,9,0
1,1,2,2,8.25,10.65,10.905,D,3,7,0
1,1,2,3,26.87,27.106,27.361,D,3,5,0
1,1,2,3,26.87,27.446,27.633,A,2,9,0
1,1,2,3,26.87,27.701,28.007,B,4,9,0
1,1,2,3,26.87,28.126,29.384,A,2,9,1
1,1,2,4,29.04,29.602,29.874,A,2,5,0
1,1,2,4,29.04,30.18,30.639,A,2,5,0
1,1,2,4,29.04,30.741,32.611,D,1,5,1
1,1,2,4,29.04,33.274,33.988,A,2,5,1
1,1,2,4,29.04,34.872,36.011,B,4,7,1
1,1,2,5,35.4,35.941,36.23,A,3,7,0
1,1,2,5,35.4,36.315,36.774,B,4,7,0
1,1,2,5,35.4,36.842,37.998,A,3,7,1
1,1,2,5,35.4,38.287,39.987,B,4,7,1
1,1,2,6,32.7,33.021,33.344,A,2,5,0
1,1,2,6,32.7,33.395,33.667,B,1,7,0
1,1,2,6,32.7,33.735,34.075,D,3,9,0
1,1,2,6,32.7,34.194,34.602,C,4,9,0
1,1,2,6,32.7,34.687,34.959,D,3,9,0
1,1,2,6,32.7,35.044,35.367,A,2,5,0
1,1,2,6,32.7,35.401,35.758,B,1,7,0
1,1,2,7,14.46,14.713,14.951,A,3,5,0
1,1,2,7,14.46,15.053,15.325,D,2,5,0
1,1,2,7,14.46,15.342,15.597,B,1,9,0
1,1,2,7,14.46,15.801,16.379,C,4,7,0
1,1,2,8,33.05,33.283,33.521,C,2,7,0
1,1,2,8,33.05,33.589,33.912,A,1,5,0
1,1,2,8,33.05,34.099,34.371,D,3,9,0
1,1,2,8,33.05,34.439,36.224,B,4,9,0
1,1,2,9,28.97,29.346,29.618,D,3,9,0
1,1,2,9,28.97,29.703,29.873,B,2,7,0
1,1,2,9,28.97,29.941,30.145,A,1,5,0
1,1,2,9,28.97,30.213,31.743,B,2,7,1
1,1,2,9,28.97,32.872,35.524,C,4,5,1
1,1,2,10,37.35,37.79,38.011,A,3,5,0
1,1,2,10,37.35,38.062,40.935,D,4,7,1
1,1,2,10,37.35,41.904,42.431,C,2,9,0
1,1,2,10,37.35,42.516,43.077,B,1,7,0
1,2,3,1,26.17,25.388,25.677,C,2,7,0
1,2,3,1,26.17,25.762,26.034,D,1,5,0
1,2,3,1,26.17,26.153,26.493,B,3,7,0
1,2,3,1,26.17,26.561,27.071,A,4,9,0
1,2,3,2,9.05,9.406,9.712,D,3,9,0
1,2,3,2,9.05,10.324,11.616,B,2,9,1
1,2,3,3,23.92,24.327,24.616,D,2,7,0
1,2,3,3,23.92,24.701,24.888,B,1,7,0
1,2,3,3,23.92,25.092,27.37,C,3,9,1
1,2,3,4,32.16,32.446,32.633,D,2,5,0
1,2,3,4,32.16,33.109,34.452,D,2,5,1
1,2,3,4,32.16,34.979,35.574,C,1,9,0
1,2,3,4,32.16,36.067,37.155,A,4,7,1
1,2,3,5,38.69,39.078,39.265,A,3,7,0
1,2,3,5,38.69,39.367,41.407,C,2,5,1
1,2,3,5,38.69,41.747,42.121,D,1,7,0
1,2,3,5,38.69,42.631,44.518,B,4,9,1
1,2,3,6,37.55,37.987,38.225,D,3,5,0
1,2,3,6,37.55,38.293,38.582,B,2,5,0
1,2,3,6,37.55,38.735,40.911,D,3,5,1
1,2,3,7,33.21,33.425,33.697,A,3,9,0
1,2,3,7,33.21,33.768,33.989,D,2,7,0
1,2,3,7,33.21,34.533,35.145,C,4,9,0
1,2,3,8,31.32,31.711,31.949,B,2,7,0
1,2,3,8,31.32,32.102,32.476,C,1,5,0
1,2,3,8,31.32,32.731,32.918,D,3,9,0
1,2,3,8,31.32,33.088,34.329,A,4,5,1
1,2,3,9,28.86,29.265,29.503,D,3,5,0
1,2,3,9,28.86,29.588,30.013,B,4,9,0
1,2,3,9,28.86,30.098,30.302,C,2,7,0
1,2,3,9,28.86,30.404,32.07,D,3,5,1
1,2,3,9,28.86,32.495,34.382,C,2,7,1
1,2,3,10,21.16,21.495,21.682,D,3,5,0
1,2,3,10,21.16,21.75,22.005,B,4,9,0
1,2,3,10,21.16,22.09,24.64,C,2,7,1
2,0,1,1,24.78,25.373,25.696,B,2,5,0
2,0,1,1,24.78,25.849,26.087,A,1,5,0
2,0,1,1,24.78,26.189,26.529,B,2,5,0
2,0,1,1,24.78,26.818,28.416,B,2,5,1
2,0,1,2,10.95,11.883,12.427,C,2,5,0
2,0,1,2,10.95,12.869,13.464,C,2,5,0
2,0,1,2,10.95,13.549,14.093,D,4,7,0
2,0,1,2,10.95,14.484,14.722,A,3,9,0
2,0,1,2,10.95,15.249,16.728,A,3,9,0
2,0,1,3,10.01,11.25,11.488,C,3,5,0
2,0,1,3,10.01,11.624,11.879,B,1,9,0
2,0,1,3,10.01,12.049,12.559,D,2,9,0
2,0,1,3,10.01,12.95,13.732,A,4,7,0
2,0,1,3,10.01,13.717,14.21,A,4,7,1
2,0,1,4,14.57,15.695,17.837,B,4,5,1
2,0,1,4,14.57,18.252,19.765,D,2,9,1
2,0,1,5,49.21,51.15,51.507,A,2,5,0
2,0,1,5,49.21,51.626,52.306,D,1,7,0
2,0,1,5,49.21,52.442,54.703,C,3,9,1
2,0,1,7,15.64,17.15,17.524,D,2,5,0
2,0,1,7,15.64,17.626,18.136,C,1,9,0
2,0,1,7,15.64,18.238,18.51,A,3,9,0
2,0,1,7,15.64,18.629,19.139,B,4,7,0
2,0,1,8,16.95,18.22,18.679,C,1,5,0
2,0,1,8,16.95,18.764,19.121,B,2,5,0
2,0,1,8,16.95,20.107,21.093,D,3,9,1
2,0,1,9,33.63,34.824,36.371,A,1,7,1
2,0,1,9,33.63,36.723,38.389,D,2,5,1
2,0,1,10,37.55,39.934,40.291,A,1,7,0
2,0,1,10,37.55,40.376,40.699,B,2,9,0
2,0,1,10,37.55,41.549,42.008,C,3,5,1
2,1,2,1,31.61,33.087,33.767,B,2,5,0
2,1,2,1,31.61,33.835,34.277,A,3,7,0
2,1,2,1,31.61,34.413,35.807,C,4,5,1
2,1,2,2,6.91,7.985,8.325,C,2,5,0
2,1,2,2,6.91,8.393,8.716,D,3,7,0
2,1,2,2,6.91,8.767,9.175,B,4,9,0
2,1,2,3,24.06,24.436,24.895,C,1,7,0
2,1,2,3,24.06,24.946,25.439,A,2,9,0
2,1,2,3,24.06,25.507,25.762,D,3,5,0
2,1,2,3,24.06,25.796,26.663,A,2,9,1
2,1,2,4,11.88,12.561,13.003,D,1,5,0
2,1,2,4,11.88,13.071,13.309,A,2,5,0
2,1,2,4,11.88,13.428,14.72,D,1,5,1
2,1,2,4,11.88,14.975,16.42,A,2,5,1
2,1,2,5,32.39,32.853,33.21,B,4,7,0
2,1,2,5,32.39,33.924,34.264,C,1,5,0
2,1,2,5,32.39,34.315,34.638,D,2,9,0
2,1,2,5,32.39,34.689,35.675,A,3,7,1
2,1,2,5,32.39,36.525,37.8,B,4,7,1
2,1,2,6,32.09,32.395,32.616,B,1,7,0
2,1,2,6,32.09,32.684,32.888,A,2,5,0
2,1,2,6,32.09,32.956,33.245,D,3,9,0
2,1,2,6,32.09,33.296,34.571,C,4,9,0
2,1,2,7,7.25,8.064,8.302,D,2,5,0
2,1,2,7,7.25,8.37,8.574,A,3,5,0
2,1,2,7,7.25,8.676,11.617,C,4,7,0
2,1,2,8,26.68,27.038,27.242,A,1,5,0
2,1,2,8,26.68,27.31,27.667,C,2,7,0
2,1,2,8,26.68,27.752,28.041,D,3,9,0
2,1,2,8,26.68,28.092,28.466,B,4,9,0
2,1,2,8,26.68,28.568,28.908,C,2,7,0
2,1,2,8,26.68,28.976,29.282,D,3,9,0
2,1,2,8,26.68,29.384,30.37,B,4,9,1
2,1,2,9,27.8,28.734,28.921,A,2,5,0
2,1,2,9,27.8,28.972,30.145,B,2,7,1
2,1,2,9,27.8,30.383,30.638,D,3,7,0
2,1,2,9,27.8,30.791,31.182,C,4,5,0
2,1,2,9,27.8,31.522,32.202,C,4,5,1
2,1,2,10,34.77,35.428,35.683,B,1,7,0
2,1,2,10,34.77,35.734,36.159,C,2,9,0
2,1,2,10,34.77,36.193,36.448,A,3,5,0
2,1,2,10,34.77,36.482,37.808,D,4,7,1
2,2,3,1,70.45,71.023,71.244,D,1,5,0
2,2,3,1,70.45,71.329,71.601,C,2,7,0
2,2,3,1,70.45,71.652,71.839,D,1,5,0
2,2,3,1,70.45,71.958,72.281,C,2,7,0
2,2,3,1,70.45,72.332,73.318,B,3,7,1
2,2,3,2,7.29,8.307,8.681,C,1,7,0
2,2,3,2,7.29,8.766,9.021,B,2,9,0
2,2,3,2,7.29,9.242,9.565,D,3,9,0
2,2,3,2,7.29,9.701,10.5,A,4,5,0
2,2,3,3,25.02,25.702,25.991,D,2,7,0
2,2,3,3,25.02,26.025,27.419,C,3,9,1
2,2,3,4,28.07,28.444,30.875,D,2,5,1
2,2,3,4,28.07,31.215,31.453,B,3,7,0
2,2,3,4,28.07,31.504,31.997,A,4,7,0
2,2,3,4,28.07,32.371,33.068,A,7,7,1
2,2,3,5,36.12,36.719,37.739,C,2,5,1
2,2,3,5,36.12,37.926,38.198,A,3,7,0
2,2,3,5,36.12,38.249,39.847,B,4,9,1
2,2,3,6,35.77,35.922,36.415,B,2,5,0
2,2,3,6,35.77,36.432,36.772,A,1,9,0
2,2,3,6,35.77,37.078,37.35,D,3,5,0
2,2,3,6,35.77,37.401,38.013,C,4,7,0
2,2,3,7,15.82,16.172,17.039,B,1,5,0
2,2,3,7,15.82,17.107,17.379,D,2,7,0
2,2,3,7,15.82,17.447,17.719,A,3,9,0
2,2,3,7,15.82,17.753,18.688,C,4,9,0
2,2,3,8,25.76,26.233,26.505,C,1,5,0
2,2,3,8,25.76,26.658,27.049,C,1,5,0
2,2,3,8,25.76,27.117,27.389,B,2,7,0
2,2,3,8,25.76,27.44,27.746,D,3,9,0
2,2,3,8,25.76,27.814,29.021,A,4,5,1
2,2,3,9,29.27,29.709,30.27,A,1,5,0
2,2,3,9,29.27,30.338,31.392,C,2,7,1
2,2,3,9,29.27,31.426,31.732,D,3,5,0
2,2,3,9,29.27,31.783,32.973,B,4,9,1
2,2,3,10,24.07,24.448,24.873,A,1,9,0
2,2,3,10,24.07,24.924,25.91,C,3,5,1
3,0,1,1,40.65,40.82,41.194,C,3,7,0
3,0,1,1,40.65,41.245,41.568,B,2,5,0
3,0,1,1,40.65,41.84,42.469,B,2,7,0
3,0,1,1,40.65,42.52,43.574,B,2,7,1
3,0,1,2,27.05,27.372,27.695,A,3,9,0
3,0,1,2,27.05,27.772,28.095,C,2,5,0
3,0,1,2,27.05,28.435,28.962,D,4,7,0
3,0,1,2,27.05,29.013,29.404,A,3,7,0
3,0,1,2,27.05,29.676,30.067,B,1,7,0
3,0,1,2,27.05,30.101,30.407,B,1,7,0
3,0,1,2,27.05,30.492,30.951,D,4,7,0
3,0,1,2,27.05,31.087,31.444,A,3,9,0
3,0,1,3,30.72,31.098,31.387,C,3,5,0
3,0,1,3,30.72,31.846,32.152,D,2,9,0
3,0,1,3,30.72,32.339,33.189,A,4,7,0
3,0,1,3,30.72,33.308,34.209,A,4,7,1
3,0,1,4,16.97,17.193,17.482,A,3,7,0
3,0,1,4,16.97,17.737,18.06,C,1,7,0
3,0,1,4,16.97,18.57,18.774,D,2,9,0
3,0,1,4,16.97,19.046,19.403,D,2,9,0
3,0,1,4,16.97,19.93,20.627,B,4,5,0
3,0,1,4,16.97,20.695,21.409,B,4,5,1
3,0,1,5,43.52,43.675,43.879,C,3,9,0
3,0,1,5,43.52,44.304,44.576,D,1,7,0
3,0,1,5,43.52,44.729,45.001,B,4,9,0
3,0,1,5,43.52,45.035,45.97,C,3,9,0
3,0,1,5,43.52,46.055,46.837,C,3,9,1
3,0,1,6,28.5,28.784,29.073,D,3,7,0
3,0,1,6,28.5,29.141,29.311,B,4,5,0
3,0,1,6,28.5,29.498,29.872,C,2,9,0
3,0,1,6,28.5,30.093,30.365,A,1,5,0
3,0,1,6,28.5,30.756,30.977,D,3,7,0
3,0,1,6,28.5,31.096,31.64,B,4,5,0
3,0,1,6,28.5,31.878,32.133,C,2,9,0
3,0,1,7,14.74,14.991,15.195,A,3,7,0
3,0,1,7,14.74,15.569,15.756,C,1,9,0
3,0,1,7,14.74,16.147,16.402,B,4,7,0
3,0,1,7,14.74,16.538,16.742,A,3,7,0
3,0,1,7,14.74,16.946,17.167,D,2,5,0
3,0,1,8,35.9,36.191,36.412,B,2,5,0
3,0,1,8,35.9,36.956,37.194,D,3,7,0
3,0,1,8,35.9,37.296,37.602,A,4,9,0
3,0,1,8,35.9,37.704,38.452,D,3,7,0
3,0,1,8,35.9,38.605,39.234,D,3,7,1
3,0,1,9,26.58,26.907,27.111,D,2,5,0
3,0,1,9,26.58,27.298,27.553,A,1,7,0
3,0,1,9,26.58,27.689,28.131,D,2,5,0
3,0,1,9,26.58,28.556,29.372,D,2,5,1
3,0,1,9,26.58,30.819,31.465,A,1,7,1
3,0,1,9,26.58,32.927,35.817,A,1,7,1
3,0,1,10,12.12,12.506,12.744,A,1,7,0
3,0,1,10,12.12,13.696,13.917,D,4,7,0
3,0,1,10,12.12,14.07,16.025,C,3,5,1
3,1,2,1,64.48,65.072,65.31,C,4,5,0
3,1,2,1,64.48,65.361,65.684,A,3,7,0
3,1,2,1,64.48,65.769,65.99,B,2,5,0
3,1,2,1,64.48,66.007,66.347,D,1,9,0
3,1,2,1,64.48,66.585,67.197,C,4,5,1
3,1,2,2,16.7,17.103,17.409,C,2,5,0
3,1,2,2,16.7,17.494,17.732,D,3,7,0
3,1,2,2,16.7,17.766,18.004,B,4,9,0
3,1,2,2,16.7,18.106,18.582,A,1,7,0
3,1,2,3,20.75,21.058,21.534,D,3,5,0
3,1,2,3,20.75,22.282,22.605,C,1,7,0
3,1,2,3,20.75,22.69,23.2,A,2,9,1
3,1,2,4,8.38,9.123,9.429,B,4,9,0
3,1,2,4,8.38,9.633,9.854,D,1,5,0
3,1,2,4,8.38,9.905,10.415,A,2,7,1
3,1,2,4,8.38,10.738,11.163,D,1,5,1
3,1,2,5,22.6,22.978,23.216,A,3,7,0
3,1,2,5,22.6,23.267,23.454,B,4,7,0
3,1,2,5,22.6,23.59,23.794,D,2,9,0
3,1,2,5,22.6,23.828,24.508,A,3,7,1
3,1,2,5,22.6,24.882,25.358,B,4,7,1
3,1,2,6,34.49,35.063,35.25,C,4,9,0
3,1,2,6,34.49,35.284,35.573,D,3,9,0
3,1,2,6,34.49,35.641,35.879,B,1,7,0
3,1,2,7,13.52,13.842,14.046,A,3,5,0
3,1,2,7,13.52,14.59,14.777,C,4,7,0
3,1,2,7,13.52,14.93,15.236,B,1,9,0
3,1,2,8,28.2,28.384,28.639,C,2,7,0
3,1,2,8,28.2,28.741,28.945,A,1,5,0
3,1,2,8,28.2,29.047,29.285,D,3,9,0
3,1,2,8,28.2,29.336,31.325,B,4,9,1
3,1,2,9,35.35,35.574,35.88,C,4,7,0
3,1,2,9,35.35,35.948,36.152,D,3,9,0
3,1,2,9,35.35,36.407,36.645,A,1,5,0
3,1,2,9,35.35,36.764,37.546,C,4,5,1
3,1,2,9,35.35,38.039,38.77,B,2,9,1
3,1,2,10,33.27,33.983,34.238,D,4,7,0
3,1,2,10,33.27,34.289,34.595,C,2,9,0
3,1,2,10,33.27,34.663,34.884,B,1,7,0
3,1,2,10,33.27,35.02,36.397,D,4,7,1
3,2,3,1,13.03,13.574,13.88,C,2,7,0
3,2,3,1,13.03,13.965,14.22,D,1,5,0
3,2,3,1,13.03,14.339,14.662,B,2,6,0
3,2,3,1,13.03,14.696,15.087,D,4,9,0
3,2,3,1,13.03,15.155,15.937,B,3,7,1
3,2,3,2,7.34,7.783,8.055,A,4,5,0
3,2,3,2,7.34,8.242,8.429,D,3,9,0
3,2,3,2,7.34,8.497,8.735,B,2,9,0
3,2,3,2,7.34,8.803,9.16,C,1,7,0
3,2,3,3,6.36,6.687,6.959,D,2,7,0
3,2,3,3,6.36,7.044,7.265,B,1,5,0
3,2,3,3,6.36,7.656,7.979,A,4,9,0
3,2,3,3,6.36,8.353,9.067,C,3,9,1
3,2,3,4,32.02,32.493,32.799,D,2,5,0
3,2,3,4,32.02,32.85,33.139,C,1,9,0
3,2,3,4,32.02,33.241,33.496,B,3,7,0
3,2,3,4,32.02,33.547,33.751,A,4,7,0
3,2,3,4,32.02,33.887,34.482,D,1,5,1
3,2,3,4,32.02,34.89,35.383,A,4,7,1
3,2,3,5,21.66,22.208,22.412,C,2,5,0
3,2,3,5,21.66,22.463,22.701,D,1,7,0
3,2,3,5,21.66,22.871,23.058,A,3,7,0
3,2,3,5,21.66,23.109,23.347,B,4,9,0
3,2,3,5,21.66,23.415,24.01,C,2,5,1
3,2,3,5,21.66,24.401,25.115,B,4,9,1
3,2,3,6,31.83,32.273,32.477,D,3,5,0
3,2,3,6,31.83,32.545,32.732,B,2,5,0
3,2,3,6,31.83,32.902,33.157,C,4,7,0
3,2,3,6,31.83,33.276,33.752,A,1,9,0
3,2,3,7,16.89,17.284,17.471,D,2,7,0
3,2,3,7,16.89,17.947,18.202,A,3,9,0
3,2,3,7,16.89,18.253,18.661,C,4,9,0
3,2,3,8,26.86,27.287,27.508,B,2,7,0
3,2,3,8,26.86,28.188,28.409,A,4,5,0
3,2,3,8,26.86,28.46,28.8,D,3,9,0
3,2,3,8,26.86,28.885,29.31,A,4,5,1
3,2,3,9,23.31,23.8,23.987,C,2,7,0
3,2,3,9,23.31,24.055,24.31,A,1,5,0
3,2,3,9,23.31,24.412,24.735,B,4,9,0
3,2,3,9,23.31,24.837,25.67,C,2,7,1
3,2,3,9,23.31,26.146,27.455,B,4,9,0
3,2,3,9,23.31,28.016,29.172,B,4,9,1
3,2,3,10,23.7,24.189,24.478,D,3,5,0
3,2,3,10,23.7,25.005,25.226,A,1,9,0
3,2,3,10,23.7,25.26,26.654,C,2,7,1
4,0,1,1,36.23,38.834,40.279,B,2,5,1
4,0,1,1,36.23,40.942,41.911,A,1,5,0
4,0,1,1,36.23,43.611,44.172,C,3,9,1
4,0,1,2,9.99,11.568,13.693,C,2,5,1
4,0,1,3,14.05,15.425,16.972,C,3,5,1
4,0,1,4,15.99,17.978,19.049,C,1,7,1
4,0,1,4,15.99,19.61,20.766,D,2,9,1
4,0,1,5,47.12,48.666,49.057,A,2,5,0
4,0,1,5,47.12,49.091,50.587,D,1,9,1
4,0,1,6,45.43,46.381,46.551,A,1,5,0
4,0,1,6,45.43,46.653,47.061,A,1,5,0
4,0,1,6,45.43,47.503,48.183,C,2,9,0
4,0,1,6,45.43,48.506,48.727,D,3,9,0
4,0,1,6,45.43,48.829,49.067,B,4,5,0
4,0,1,6,45.43,50.138,50.546,C,2,9,0
4,0,1,7,17.24,18.278,18.584,D,3,5,0
4,0,1,7,17.24,18.975,19.655,D,2,5,0
4,0,1,7,17.24,20.284,20.522,A,3,7,0
4,0,1,7,17.24,21.202,21.559,B,4,7,0
4,0,1,8,23.05,23.645,24.104,B,2,5,0
4,0,1,8,23.05,23.764,24.036,B,2,5,0
4,0,1,8,23.05,24.172,25.753,C,1,5,1
4,0,1,8,23.05,26.603,27.368,D,3,7,1
4,0,1,9,35.23,36.558,37.425,D,2,5,1
4,0,1,9,35.23,37.952,38.785,A,1,7,1
4,0,1,9,35.23,39.38,40.298,C,3,9,1
4,0,1,9,35.23,40.893,42.474,B,4,7,0
4,0,1,10,39.5,40.796,41.136,A,1,7,0
4,0,1,10,39.5,41.272,41.629,B,2,9,0
4,0,1,10,39.5,41.68,41.901,C,3,5,0
4,0,1,10,39.5,42.156,42.972,C,3,5,1
4,1,2,1,20.25,21.665,21.937,B,2,5,0
4,1,2,1,20.25,21.958,22.417,D,1,9,0
4,1,2,1,20.25,22.485,22.944,A,3,7,0
4,1,2,1,20.25,23.063,24.27,C,4,5,1
4,1,2,2,12.95,13.989,14.771,C,2,5,0
4,1,2,2,12.95,14.805,15.145,A,1,9,0
4,1,2,2,12.95,15.23,15.57,D,3,7,0
4,1,2,2,12.95,15.723,15.944,B,4,9,0
4,1,2,3,9.48,10.463,11.041,C,1,7,0
4,1,2,3,9.48,11.092,12.537,A,2,9,1
4,1,2,3,9.48,12.945,13.149,D,3,5,0
4,1,2,4,8.84,10.079,11.184,A,2,5,1
4,1,2,4,8.84,11.32,13.105,D,1,5,0
4,1,2,4,8.84,15.961,16.964,D,1,5,1
4,1,2,4,8.84,17.967,18.681,C,3,9,0
4,1,2,4,8.84,18.732,19.361,B,4,9,0
4,1,2,5,41.74,42.776,43.303,D,2,9,0
4,1,2,5,41.74,43.371,43.898,C,1,5,0
4,1,2,5,41.74,44.034,45.105,A,3,7,1
4,1,2,5,41.74,45.496,46.635,B,4,7,1
4,1,2,6,30.07,30.802,31.278,A,2,5,0
4,1,2,6,30.07,31.346,31.635,B,1,7,0
4,1,2,6,30.07,31.703,32.128,D,3,9,0
4,1,2,6,30.07,32.23,33.216,C,4,9,0
4,1,2,7,18.38,18.928,19.217,D,2,5,0
4,1,2,7,18.38,19.268,19.608,B,1,9,0
4,1,2,7,18.38,19.676,19.999,A,3,5,0
4,1,2,7,18.38,20.05,20.934,C,4,7,0
4,1,2,8,16.18,17.237,17.866,C,2,7,0
4,1,2,8,16.18,17.951,18.444,A,1,7,0
4,1,2,8,16.18,18.58,18.937,D,3,9,0
4,1,2,8,16.18,19.005,20.144,B,4,9,0
4,1,2,9,13.47,15.051,15.391,A,1,5,0
4,1,2,9,13.47,15.459,16.853,B,2,7,1
4,1,2,9,13.47,17.006,17.499,D,3,9,0
4,1,2,9,13.47,17.567,18.808,C,4,7,1
4,1,2,10,59.46,60.841,61.47,A,3,5,0
4,1,2,10,59.46,61.504,63.017,D,4,9,1
4,1,2,10,59.46,63.765,64.717,C,2,9,1
4,2,3,1,94.14,95.504,96.031,,2,7,0
4,2,3,1,94.14,96.15,96.49,C,1,5,0
4,2,3,1,94.14,96.558,96.745,,3,7,0
4,2,3,1,94.14,96.966,97.646,,4,9,1
4,2,3,2,7.53,8.161,8.977,B,2,9,0
4,2,3,2,7.53,9.062,9.521,C,1,7,0
4,2,3,2,7.53,9.606,9.963,D,3,9,0
4,2,3,2,7.53,10.065,10.83,A,4,5,0
4,2,3,3,15.6,15.868,16.208,D,2,7,0
4,2,3,3,15.6,15.898,16.221,D,2,7,0
4,2,3,3,15.6,16.293,16.616,B,1,5,0
4,2,3,3,15.6,16.718,17.33,C,3,9,0
4,2,3,3,15.6,17.381,17.67,A,4,9,0
4,2,3,3,15.6,17.721,18.639,C,3,9,1
4,2,3,4,8.2,9.152,10.206,D,2,5,1
4,2,3,4,8.2,10.818,11.991,C,1,9,0
4,2,3,4,8.2,12.059,12.399,B,3,7,0
4,2,3,4,8.2,12.518,13.708,A,4,7,1
4,2,3,5,46.64,43.573,44.984,C,2,5,1
4,2,3,5,46.64,45.239,45.732,D,1,7,0
4,2,3,5,46.64,45.817,46.429,A,3,7,0
4,2,3,5,46.64,46.48,47.585,B,4,9,1
4,2,3,6,34.56,34.676,35.186,B,2,5,0
4,2,3,6,34.56,35.22,35.747,A,1,9,0
4,2,3,6,34.56,35.815,36.189,D,3,5,0
4,2,3,6,34.56,36.308,37.141,C,4,7,0
4,2,3,7,15.7,16.53,16.717,A,3,9,0
4,2,3,7,15.7,16.836,17.125,D,2,7,0
4,2,3,7,15.7,17.193,17.499,B,1,5,0
4,2,3,7,15.7,17.584,17.89,A,3,9,0
4,2,3,7,15.7,18.026,18.808,C,4,9,0
4,2,3,8,21.6,22.176,22.771,B,2,7,0
4,2,3,8,21.6,22.839,23.434,C,1,5,0
4,2,3,8,21.6,23.57,23.893,D,3,9,0
4,2,3,8,21.6,23.944,24.828,A,4,5,1
4,2,3,9,11.58,12.751,14.145,C,2,7,1
4,2,3,9,11.58,14.332,15.08,A,1,5,0
4,2,3,9,11.58,15.216,15.471,D,3,5,0
4,2,3,9,11.58,15.539,16.576,B,4,9,1
4,2,3,10,20.99,21.946,23.221,C,2,7,1
4,2,3,10,20.99,23.374,23.765,A,1,9,0
4,2,3,10,20.99,23.833,24.156,D,3,5,0
4,2,3,10,20.99,24.224,24.87,B,4,9,0
5,0,1,1,35.69,36.337,36.626,B,2,5,0
5,0,1,1,35.69,36.728,36.949,A,1,5,0
5,0,1,1,35.69,37,37.527,C,3,7,0
5,0,1,1,35.69,37.629,37.935,D,4,9,0
5,0,1,1,35.69,38.394,39.261,B,2,5,1
5,0,1,2,16.69,17.525,17.967,B,1,7,0
5,0,1,2,16.69,18.035,18.477,A,3,9,0
5,0,1,2,16.69,18.613,21.299,D,4,9,0
5,0,1,3,10.14,10.988,11.345,A,4,7,0
5,0,1,3,10.14,11.532,11.957,D,2,9,0
5,0,1,3,10.14,12.008,12.348,B,1,9,0
5,0,1,3,10.14,12.807,14.575,A,4,7,0
5,0,1,3,10.14,14.626,14.915,A,4,7,0
5,0,1,3,10.14,14.966,15.51,A,4,7,0
5,0,1,3,10.14,15.595,16.377,A,4,7,1
5,0,1,4,9.17,9.862,10.746,B,4,5,0
5,0,1,4,9.17,11.256,11.494,D,2,9,0
5,0,1,4,9.17,11.885,13.364,B,4,5,1
5,0,1,4,9.17,13.585,14.316,B,4,5,0
5,0,1,4,9.17,14.639,14.894,A,3,7,0
5,0,1,4,9.17,14.945,15.591,D,2,9,0
5,0,1,4,9.17,15.863,16.322,C,1,7,0
5,0,1,4,9.17,16.373,17.24,D,2,9,0
5,0,1,4,9.17,17.257,17.58,D,2,9,0
5,0,1,4,9.17,17.631,18.838,D,2,9,1
5,0,1,5,30.37,31.173,32.363,A,2,5,0
5,0,1,5,30.37,32.414,33.332,D,1,9,0
5,0,1,5,30.37,38.704,38.925,D,1,9,0
5,0,1,5,30.37,39.078,39.35,C,3,7,0
5,0,1,5,30.37,39.86,40.132,D,1,9,0
5,0,1,5,30.37,40.319,41.135,D,1,9,1
5,0,1,6,31.94,32.422,32.83,D,3,7,0
5,0,1,6,31.94,33.935,34.972,C,2,9,0
5,0,1,6,31.94,34.989,36.06,D,3,9,0
5,0,1,7,16.43,16.993,17.248,D,2,5,0
5,0,1,7,16.43,17.299,17.622,A,3,9,0
5,0,1,7,16.43,17.826,18.03,B,4,7,0
5,0,1,7,16.43,18.268,19.339,C,1,9,0
5,0,1,7,16.43,19.577,20.053,A,3,9,0
5,0,1,7,16.43,20.104,20.716,B,4,7,0
5,0,1,8,21.97,22.902,23.344,C,1,5,0
5,0,1,8,21.97,23.65,23.905,D,3,7,0
5,0,1,8,21.97,24.075,24.466,A,4,9,0
5,0,1,8,21.97,24.517,24.789,D,3,9,0
5,0,1,8,21.97,24.908,26.88,D,3,9,1
5,0,1,9,27.86,29.444,30.94,D,2,5,1
5,0,1,9,27.86,31.586,31.841,B,4,5,0
5,0,1,9,27.86,32.011,32.215,C,3,9,0
5,0,1,9,27.86,32.419,36.414,A,1,7,1
5,0,1,10,31.28,32.062,32.555,D,4,7,0
5,0,1,10,31.28,33.116,33.473,B,2,9,0
5,0,1,10,31.28,33.677,36.278,C,3,7,0
5,0,1,10,31.28,36.346,38.046,C,3,7,1
5,1,2,1,60.33,61.244,61.533,B,2,5,0
5,1,2,1,60.33,61.584,61.924,D,1,9,0
5,1,2,1,60.33,62.06,62.298,A,3,7,0
5,1,2,1,60.33,62.57,64.355,C,4,7,1
5,1,2,2,12.96,13.295,13.55,C,2,5,0
5,1,2,2,12.96,13.584,13.941,B,1,7,0
5,1,2,2,12.96,14.026,14.315,D,3,7,0
5,1,2,2,12.96,14.383,15.131,B,4,9,0
5,1,2,3,21.23,21.657,21.861,D,3,5,0
5,1,2,3,21.23,21.912,22.218,A,2,9,0
5,1,2,3,21.23,22.252,22.439,C,1,7,0
5,1,2,3,21.23,22.439,22.779,A,2,9,0
5,1,2,3,21.23,22.83,23.187,C,1,7,0
5,1,2,3,21.23,23.408,23.646,B,4,9,0
5,1,2,3,21.23,23.748,24.802,A,2,9,1
5,1,2,4,9.69,7.303,7.745,D,1,5,0
5,1,2,4,9.69,7.796,8.238,A,2,5,0
5,1,2,4,9.69,8.323,9.683,D,1,5,1
5,1,2,4,9.69,9.887,11.043,A,2,5,1
5,1,2,4,9.69,11.4,11.927,C,3,7,0
5,1,2,4,9.69,11.944,13.134,B,4,9,0
5,1,2,5,7.13,7.574,7.778,A,3,7,0
5,1,2,5,7.13,7.812,8.152,D,2,9,0
5,1,2,5,7.13,8.237,8.475,C,1,5,0
5,1,2,5,7.13,8.747,9.002,B,4,7,0
5,1,2,5,7.13,9.053,10.294,A,3,7,1
5,1,2,5,7.13,10.651,12.504,B,4,7,1
5,1,2,6,30.43,30.684,31.007,A,2,5,0
5,1,2,6,30.43,31.075,31.33,B,1,7,0
5,1,2,6,30.43,31.381,31.67,D,3,9,0
5,1,2,6,30.43,31.721,32.554,C,4,9,0
5,1,2,7,14.07,14.593,14.899,A,3,5,0
5,1,2,7,14.07,14.916,15.273,C,4,7,0
5,1,2,7,14.07,15.443,16.021,B,1,9,0
5,1,2,8,26.71,27.071,27.258,C,2,7,0
5,1,2,8,26.71,27.309,27.632,A,1,5,0
5,1,2,8,26.71,27.717,28.04,D,3,9,0
5,1,2,8,26.71,28.091,30.131,B,4,9,1
5,1,2,9,33.69,34.068,34.34,B,2,7,0
5,1,2,9,33.69,34.425,34.595,A,1,5,0
5,1,2,9,33.69,34.663,35.02,D,3,9,0
5,1,2,9,33.69,35.088,35.275,C,4,7,0
5,1,2,9,33.69,35.343,36.482,B,2,7,1
5,1,2,9,33.69,37.06,38.199,C,4,7,1
5,1,2,10,6.11,6.414,6.618,A,3,5,0
5,1,2,10,6.11,6.669,6.89,D,4,7,0
5,1,2,10,6.11,6.975,7.332,C,2,9,0
5,1,2,10,6.11,7.349,7.57,B,1,7,0
5,1,2,10,6.11,7.672,9.474,D,4,7,1
5,2,3,1,19.23,19.959,20.282,C,2,7,0
5,2,3,1,19.23,20.333,20.707,D,1,5,0
5,2,3,1,19.23,21.37,21.591,A,4,9,0
5,2,3,1,19.23,21.693,22.883,B,3,7,1
5,2,3,2,7.76,8.39,8.611,C,1,7,0
5,2,3,2,7.76,9.121,9.444,D,3,9,0
5,2,3,2,7.76,9.818,10.039,A,4,5,0
5,2,3,3,16.96,17.587,17.808,B,1,5,0
5,2,3,3,16.96,17.893,18.471,C,3,9,0
5,2,3,3,16.96,18.522,18.845,A,4,9,0
5,2,3,3,16.96,18.896,20.511,C,3,9,1
5,2,3,4,7.27,7.92,8.43,D,2,5,0
5,2,3,4,7.27,8.889,9.671,D,2,5,1
5,2,3,4,7.27,9.96,10.64,B,3,7,0
5,2,3,4,7.27,10.691,12.17,A,4,7,1
5,2,3,5,20.87,21.278,23.352,C,2,5,1
5,2,3,5,20.87,23.828,24.015,D,1,7,0
5,2,3,5,20.87,24.117,24.457,A,3,7,0
5,2,3,5,20.87,24.491,25.868,B,4,9,1
5,2,3,6,10.88,11.032,11.304,D,3,5,0
5,2,3,6,10.88,11.355,11.61,B,2,5,0
5,2,3,6,10.88,11.678,11.933,A,1,9,0
5,2,3,6,10.88,12.018,12.698,C,4,7,0
5,2,3,7,16.62,17.047,17.285,D,2,7,0
5,2,3,7,16.62,17.37,17.557,B,1,5,0
5,2,3,7,16.62,17.642,17.948,A,3,9,0
5,2,3,7,16.62,17.982,18.781,C,4,9,0
5,2,3,8,24.8,25.139,25.394,B,2,7,0
5,2,3,8,24.8,25.445,25.666,C,1,5,0
5,2,3,8,24.8,25.734,26.04,D,3,9,0
5,2,3,8,24.8,26.091,27.519,A,4,5,1
5,2,3,9,30.94,31.361,31.582,B,4,9,0
5,2,3,9,30.94,31.684,31.973,C,2,7,0
5,2,3,9,30.94,32.228,32.551,C,2,7,0
5,2,3,9,30.94,32.585,32.789,A,1,5,0
5,2,3,9,30.94,32.908,33.758,C,2,7,1
5,2,3,9,30.94,34.761,36.835,B,4,9,1
5,2,3,10,7.41,7.868,8.174,C,2,7,0
5,2,3,10,7.41,8.242,8.463,D,3,5,0
5,2,3,10,7.41,8.939,9.925,C,2,7,1
6,0,1,1,49.93,41.034,41.867,B,2,5,0
6,0,1,1,49.93,42.343,42.768,B,2,5,1
6,0,1,1,49.93,44.88,45.407,D,4,9,0
6,0,1,2,18.9,19.29,20.089,C,2,5,0
6,0,1,2,18.9,20.14,20.701,A,3,9,0
6,0,1,2,18.9,20.769,21.653,C,2,5,1
6,0,1,3,29.51,29.919,30.276,C,3,5,0
6,0,1,3,29.51,30.327,31.092,A,4,7,0
6,0,1,3,29.51,31.364,31.925,C,3,5,1
6,0,1,3,29.51,32.771,33.434,A,4,7,1
6,0,1,4,37.05,38.1,39.205,B,4,5,0
6,0,1,4,37.05,39.596,39.97,B,4,5,1
6,0,1,4,37.05,40.65,40.973,A,3,7,0
6,0,1,4,37.05,41.109,42.231,D,2,9,1
6,0,1,4,37.05,43.455,43.914,C,1,7,0
6,0,1,4,37.05,43.931,45.988,C,1,7,0
6,0,1,4,37.05,46.158,46.838,D,2,9,0
6,0,1,4,37.05,46.957,49.32,D,2,9,0
6,0,1,4,37.05,49.779,51.462,C,1,7,1
6,0,1,5,47.62,48.608,48.897,A,2,5,0
6,0,1,5,47.62,48.948,51.073,D,1,7,1
6,0,1,5,47.62,51.685,53.453,C,3,9,1
6,0,1,6,16.39,18.772,19.588,C,2,9,0
6,0,1,6,16.39,19.826,20.778,D,3,7,1
6,0,1,7,10.26,11.634,11.872,D,2,5,0
6,0,1,7,10.26,11.957,12.637,C,1,9,0
6,0,1,7,10.26,12.722,13.725,C,1,9,1
6,0,1,8,8.39,9.736,10.892,C,1,5,1
6,0,1,8,8.39,11.487,12.082,D,3,7,0
6,0,1,8,8.39,12.592,13.289,D,3,7,1
6,0,1,9,11.16,13.133,15.513,D,2,5,1
6,0,1,9,11.16,16.482,16.788,A,1,7,0
6,0,1,9,11.16,17.587,18.777,A,1,7,1
6,0,1,9,11.16,20.137,22.976,C,3,9,1
6,0,1,10,31.62,32.244,33.179,C,3,5,0
6,0,1,10,31.62,33.298,33.604,D,4,9,0
6,0,1,10,31.62,34.063,35.185,C,3,5,1
6,1,2,1,32.42,32.505,32.828,B,2,5,0
6,1,2,1,32.42,32.862,33.219,D,1,9,0
6,1,2,1,32.42,33.338,33.678,A,3,7,0
6,1,2,1,32.42,33.797,34.902,C,4,5,0
6,1,2,1,32.42,35.446,35.973,C,4,5,1
6,1,2,2,7.04,7.62,7.841,D,3,7,0
6,1,2,2,7.04,7.892,8.13,B,4,9,0
6,1,2,2,7.04,8.198,8.657,C,2,5,0
6,1,2,2,7.04,8.742,9.269,A,1,7,0
6,1,2,2,7.04,9.494,10.735,C,2,5,0
6,1,2,3,24.22,24.95,25.12,D,3,5,0
6,1,2,3,24.22,25.154,25.409,B,4,9,0
6,1,2,3,24.22,25.511,26.021,A,2,9,0
6,1,2,3,24.22,26.106,26.684,C,1,7,0
6,1,2,3,24.22,26.718,28.571,A,2,9,1
6,1,2,4,22.65,22.941,23.315,B,2,5,0
6,1,2,4,22.65,23.417,23.859,D,1,5,0
6,1,2,4,22.65,24.097,25.542,B,2,5,1
6,1,2,4,22.65,26.086,27.293,D,1,5,1
6,1,2,4,22.65,28.347,28.789,C,3,7,0
6,1,2,4,22.65,28.84,29.248,B,4,9,0
6,1,2,5,6.87,7.171,7.494,B,4,7,0
6,1,2,5,6.87,7.528,9.772,A,3,7,1
6,1,2,5,6.87,10.35,11.999,B,4,7,1
6,1,2,6,35.04,35.644,35.831,A,2,5,0
6,1,2,6,35.04,35.873,36.06,B,1,7,0
6,1,2,6,35.04,36.179,36.553,D,3,9,0
6,1,2,6,35.04,36.604,37.454,C,4,9,0
6,1,2,7,13.86,14.815,15.053,C,4,7,0
6,1,2,7,13.86,15.155,15.461,D,2,5,0
6,1,2,7,13.86,15.512,15.92,B,1,9,0
6,1,2,7,13.86,16.209,16.498,A,3,5,0
6,1,2,8,32.52,33.066,33.321,D,3,9,0
6,1,2,8,32.52,33.372,33.661,C,2,7,0
6,1,2,8,32.52,33.848,36.194,B,4,9,0
6,1,2,9,27.01,27.726,28.185,B,2,7,0
6,1,2,9,27.01,28.27,28.525,A,1,5,0
6,1,2,9,27.01,29.222,29.443,D,3,9,0
6,1,2,9,27.01,29.477,30.293,B,2,7,1
6,1,2,9,27.01,30.82,32.401,C,4,5,1
6,1,2,10,20.64,21.098,21.285,A,3,5,0
6,1,2,10,20.64,21.353,21.71,D,4,7,0
6,1,2,10,20.64,21.778,22.356,C,2,9,0
6,1,2,10,20.64,22.679,23.852,D,4,7,1
6,2,3,1,49.95,52.393,53.107,B,3,7,1
6,2,3,2,8.5,8.871,9.109,D,3,9,0
6,2,3,2,8.5,9.16,9.432,B,2,9,0
6,2,3,2,8.5,9.466,10.35,C,1,7,0
6,2,3,3,22,22.577,22.951,C,3,9,0
6,2,3,3,22,23.07,23.291,A,4,9,0
6,2,3,3,22,23.359,24.889,C,3,9,1
6,2,3,4,21.56,22.082,22.643,D,2,5,0
6,2,3,4,21.56,22.864,23.136,C,1,9,0
6,2,3,4,21.56,23.17,24.411,D,2,5,1
6,2,3,4,21.56,24.938,25.21,B,3,7,0
6,2,3,4,21.56,25.295,27.386,A,4,7,1
6,2,3,5,28.66,28.915,29.544,C,2,5,0
6,2,3,5,28.66,29.578,29.969,D,1,7,0
6,2,3,5,28.66,30.003,30.836,C,2,5,1
6,2,3,5,28.66,31.295,31.635,A,3,7,0
6,2,3,5,28.66,32.454,33.253,B,4,9,1
6,2,3,6,36.82,37.176,37.482,D,3,5,0
6,2,3,6,36.82,37.55,37.839,B,2,5,0
6,2,3,6,36.82,37.941,38.451,C,4,7,0
6,2,3,6,36.82,38.536,38.995,A,1,9,0
6,2,3,7,16.72,17.386,17.641,B,1,5,0
6,2,3,7,16.72,17.743,18.134,A,3,9,0
6,2,3,7,16.72,18.185,18.763,C,4,9,0
6,2,3,8,24.12,24.36,24.717,C,1,5,0
6,2,3,8,24.12,25.04,25.329,D,3,9,0
6,2,3,8,24.12,25.38,25.635,B,2,7,0
6,2,3,8,24.12,25.737,26.893,A,4,5,1
6,2,3,9,27.05,27.343,27.632,D,3,5,0
6,2,3,9,27.05,27.683,28.091,B,4,9,0
6,2,3,9,27.05,28.193,28.397,C,2,7,0
6,2,3,9,27.05,28.482,28.822,A,1,5,0
6,2,3,9,27.05,28.89,30.216,C,2,7,1
6,2,3,9,27.05,31.049,32.511,B,4,9,1
6,2,3,10,22.66,23.038,23.361,D,3,5,0
6,2,3,10,22.66,23.446,23.667,B,4,9,0
6,2,3,10,22.66,23.752,24.177,C,2,7,0
6,2,3,10,22.66,24.228,24.653,A,1,9,0
6,2,3,10,22.66,24.687,25.197,C,2,7,1
7,0,1,1,20.14,22.125,22.533,B,2,5,0
7,0,1,1,20.14,22.822,23.434,B,2,5,1
7,0,1,2,9.1,11.323,11.629,C,2,5,0
7,0,1,2,9.1,11.714,11.986,B,1,7,0
7,0,1,2,9.1,12.071,12.479,A,3,9,0
7,0,1,2,9.1,12.666,13.04,D,4,7,0
7,0,1,3,24,25.534,25.84,B,1,9,0
7,0,1,3,24,25.959,26.214,D,2,9,0
7,0,1,3,24,26.248,26.52,C,3,5,0
7,0,1,3,24,26.622,31.093,A,4,7,0
7,0,1,4,25.86,28.698,29.225,D,2,9,0
7,0,1,4,25.86,30.041,31.826,D,2,9,1
7,0,1,4,25.86,32.455,33.9,B,4,5,1
7,0,1,5,32.62,34.145,34.383,A,2,5,0
7,0,1,5,32.62,34.519,35.539,D,1,9,1
7,0,1,6,36.37,38.329,38.55,A,1,5,0
7,0,1,6,36.37,38.635,39.009,C,2,9,0
7,0,1,6,36.37,39.06,39.281,D,3,7,0
7,0,1,6,36.37,39.434,39.74,B,4,5,0
7,0,1,6,36.37,40.097,40.862,C,2,9,0
7,0,1,7,19.04,21.179,21.536,C,1,9,0
7,0,1,7,19.04,21.587,21.893,A,3,9,0
7,0,1,7,19.04,21.944,22.267,B,4,7,0
7,0,1,7,19.04,22.284,23.44,A,3,9,0
7,0,1,8,25.05,27.056,27.447,C,1,7,0
7,0,1,8,25.05,27.719,28.416,D,3,7,1
7,0,1,9,28.34,31.302,31.863,D,2,5,1
7,0,1,9,28.34,32.101,32.628,A,1,7,0
7,0,1,9,28.34,32.951,33.648,A,1,7,1
7,0,1,10,35.02,38.248,38.537,A,1,7,0
7,0,1,10,35.02,38.758,38.962,B,2,9,0
7,0,1,10,35.02,39.149,39.999,C,3,5,1
7,1,2,1,9.97,10.532,10.974,B,2,5,0
7,1,2,1,9.97,11.008,12.368,C,1,5,1
7,1,2,2,10.14,11.531,12.024,C,3,5,0
7,1,2,2,10.14,12.16,12.364,D,2,9,0
7,1,2,2,10.14,12.483,12.738,A,1,7,0
7,1,2,2,10.14,12.908,13.418,B,4,9,0
7,1,2,3,94.19,95.596,96.038,D,2,5,0
7,1,2,3,94.19,96.106,97.5,A,1,9,1
7,1,2,4,29.18,30.696,31.767,A,2,5,1
7,1,2,4,29.18,31.926,32.997,D,1,7,1
7,1,2,5,32.59,33.913,34.253,D,2,9,0
7,1,2,5,32.59,34.338,34.899,C,1,5,0
7,1,2,5,32.59,35.018,35.919,A,3,9,1
7,1,2,5,32.59,36.361,36.803,B,4,9,0
7,1,2,5,32.59,36.888,37.262,B,4,9,1
7,1,2,6,32.5,33.941,34.128,A,2,5,0
7,1,2,6,32.5,34.264,34.502,B,1,7,0
7,1,2,6,32.5,34.689,34.961,D,3,9,0
7,1,2,6,32.5,35.454,36.219,C,4,9,0
7,1,2,7,12.32,13.78,14.086,D,2,7,0
7,1,2,7,12.32,14.171,14.562,B,1,9,0
7,1,2,7,12.32,15.157,16.16,C,4,7,0
7,1,2,8,25.99,27.209,27.498,C,2,7,0
7,1,2,8,25.99,27.651,28.008,A,1,5,0
7,1,2,8,25.99,28.586,29.742,B,4,9,1
7,1,2,9,40.03,40.52,40.962,B,2,7,0
7,1,2,9,40.03,41.031,41.575,A,1,5,0
7,1,2,9,40.03,41.949,42.425,B,2,7,0
7,1,2,9,40.03,42.017,42.425,B,2,7,1
7,1,2,9,40.03,42.595,42.935,D,3,9,0
7,1,2,9,40.03,43.003,44.108,C,4,5,1
7,1,2,10,39.08,40.046,40.522,B,1,7,0
7,1,2,10,39.08,40.59,41.117,C,2,9,0
7,1,2,10,39.08,41.151,41.474,A,3,5,0
7,1,2,10,39.08,41.525,42.494,D,4,7,1
7,2,3,1,42.82,43.821,44.008,D,1,5,0
7,2,3,1,42.82,44.093,44.518,C,2,7,0
7,2,3,1,42.82,44.552,45.334,B,3,7,1
7,2,3,2,7.84,8.232,8.708,C,1,7,0
7,2,3,2,7.84,8.742,9.048,B,2,9,0
7,2,3,2,7.84,9.507,9.728,A,4,5,0
7,2,3,3,28.37,29.817,30.055,B,1,5,0
7,2,3,3,28.37,30.106,30.378,D,2,7,0
7,2,3,3,28.37,30.497,30.82,C,3,9,0
7,2,3,3,28.37,30.888,31.143,A,4,9,0
7,2,3,3,28.37,31.33,32.35,C,3,9,1
7,2,3,4,31.57,32.557,32.778,C,1,9,0
7,2,3,4,31.57,32.863,33.067,D,2,5,0
7,2,3,4,31.57,33.118,33.543,C,1,9,0
7,2,3,4,31.57,33.577,33.815,D,2,5,1
7,2,3,4,31.57,34.189,34.461,B,3,7,0
7,2,3,4,31.57,34.546,35.277,A,4,7,1
7,2,3,5,44.62,45.574,45.812,C,2,5,0
7,2,3,5,44.62,45.88,46.101,D,1,7,0
7,2,3,5,44.62,46.186,46.747,C,2,5,1
7,2,3,5,44.62,46.951,47.291,A,3,7,0
7,2,3,5,44.62,47.342,48.464,B,4,9,1
7,2,3,6,21.61,21.934,22.393,A,1,9,0
7,2,3,6,21.61,22.444,22.665,B,2,7,0
7,2,3,6,21.61,22.682,23.141,A,1,9,0
7,2,3,6,21.61,23.226,23.498,D,3,5,0
7,2,3,6,21.61,23.617,24.773,C,4,7,0
7,2,3,7,7.57,8.027,8.316,D,2,7,0
7,2,3,7,7.57,8.367,8.656,A,3,9,0
7,2,3,7,7.57,8.741,9.948,C,4,9,0
7,2,3,8,24.48,24.647,25.123,C,1,5,0
7,2,3,8,24.48,25.174,25.412,B,2,7,0
7,2,3,8,24.48,25.463,25.752,D,3,9,0
7,2,3,8,24.48,25.82,26.84,A,4,5,1
7,2,3,9,27.42,27.677,27.983,A,1,5,0
7,2,3,9,27.42,28.051,29.207,C,2,7,1
7,2,3,9,27.42,29.7,30.193,D,3,5,0
7,2,3,9,27.42,30.38,30.924,B,4,9,1
7,2,3,10,33.78,34.257,34.495,A,1,9,0
7,2,3,10,33.78,34.529,34.954,C,2,7,0
7,2,3,10,33.78,35.056,35.43,A,1,9,0
7,2,3,10,33.78,35.498,35.974,C,2,7,1